part,slide_index,slide_title,block_index,first_line_preview
Part I,6,Brief Overview,1,"o <- rfsrc(y ~ a + z, data= dta, ntree = 1)"
Part I,6,Brief Overview,2,"o <- impute(y ~ ., data = dta, nimpute = 3) # for supervised problem"
Part I,7,Quick Start: Iowa Housing,1,"data(housing, package = ""randomForestSRC"")"
Part I,9,Quick Start,1,library(randomForestSRC)
Part I,10,Quick Start,1,library(randomForestSRC)
Part I,11,Quick Start,1,13                      (OOB) R squared: 0.90947926
Part I,12,Quick Start: Iowa Housing,1,"o <- rfsrc(SalePrice~., data= housing)"
Part I,12,Quick Start: Iowa Housing,2,housing$SalePrice <- log(housing$SalePrice)
Part I,13,Quick Start,1,"data(housing, package = ""randomForestSRC"")"
Part I,13,Quick Start,2,"rfsrc(…, ntree = 500)"
Part I,14,Quick Start,1,"data(housing, package = ""randomForestSRC"")"
Part I,14,Quick Start,2,"rfsrc(…, nodesize = 5)"
Part I,15,Quick Start,1,"data(housing, package = ""randomForestSRC"")"
Part I,15,Quick Start,2,"rfsrc(…, mtry = NULL)"
Part I,16,Quick Start,1,"data(housing, package = ""randomForestSRC"")"
Part I,16,Quick Start,2,"rfsrc(…, samptype =""swor"")"
Part I,17,Quick Start,1,"data(housing, package = ""randomForestSRC"")"
Part I,18,Quick Start,1,"data(housing, package = ""randomForestSRC"")"
Part I,18,Quick Start,2,"rfsrc(…, splitrule =“mse"")"
Part I,19,Quick Start,1,"data(housing, package = ""randomForestSRC"")"
Part I,19,Quick Start,2,"rfsrc(…, nsplit = 10)"
Part I,20,Quick Start,1,"o.pred <- predict(o, newdata = housing[c(1:10),])"
Part I,22,Quick Start: Iowa Housing,1,"data(housing, package = ""randomForestSRC"")"
Part I,23,Quick Start: Iowa Housing,1,nrow(housing)
Part I,23,Quick Start: Iowa Housing,2,nrow(housing)
Part I,24,Quick Start: Iowa Housing,1,"o <- rfsrc(SalePrice~., data = housing)"
Part I,24,Quick Start: Iowa Housing,2,"o <- rfsrc(SalePrice~., data = housing, na.action = ""na.impute"")"
Part I,29,Regression example: Iowa housing,1,"o <- quantreg(SalePrice ~ ., housing, splitrule = ""mse"", ntree = 250)"
Part I,29,Regression example: Iowa housing,2,o
Part I,29,Regression example: Iowa housing,3,plot.quantreg(o)
Part I,32,Regression example: Iowa housing,1,library(devtools)
Part I,33,Regression example: Iowa housing,1,library(randomForestSRC.run)
Part I,36,Classification example: Glioma,1,"# install.packages(""devtools"") # if you have not installed ""devtools"" package"
Part I,37,Classification example: Glioma,1,"o <- rfsrc(y~., data = glioma)"
Part I,39,Classification example: Glioma,1,"o <- rfsrc(y~., data = glioma,"
Part I,40,Classification example: Glioma,1,"o <- rfsrc(y~., data = glioma,"
Part I,41,Classification example: Glioma,1,"o <- rfsrc(y~., data = glioma,"
Part I,42,The run.rfsrc function for an overview,1,"run.rfsrc(y~., data = glioma)"
Part I,45,Survival example: PBC Mayo Clinic,1,"data(pbc, package = ""survival"")"
Part I,46,Survival example: PBC Mayo Clinic,1,pbc$id <- NULL ## remove the ID
Part I,48,Split rules,1,"o <- rfsrc(Surv(time, status) ~ ., data = pbc,"
Part I,49,Split rules,1,"o <- rfsrc(Surv(time, status) ~ ., data = pbc,"
Part I,50,Split rules,1,"o <- rfsrc(Surv(time, status) ~ ., data = pbc,"
Part I,51,The run.rfsrc function for an overview,1,"run.rfsrc(Surv(time, status) ~ ., data = pbc)"
Part II,4,OOB prediction,1,13                      (OOB) R squared: 0.89837879
Part II,4,OOB prediction,2,print(mean((o$yvar - o$predicted.oob)^2))
Part II,5,Key quantities for classification,1,o$predicted     --->   inbag estimated probabilities
Part II,6,OOB classification example: Glioma,1,"o <- rfsrc(y~., data = glioma)"
Part II,7,Key quantities,1,o$predicted     --->   inbag estimated probabilities
Part II,7,Key quantities,2,"o$predicted[1:5,]     # --->   inbag estimated probabilities"
Part II,8,OOB classification example: Glioma,1,"o <- tune.nodesize(y~., data = glioma)"
Part II,8,OOB classification example: Glioma,2,nodesize =  1    error = 11.95%
Part II,9,Key quantities for survival,1,o$time.interest --->   event times (everything keys off this)
Part II,10,OOB survival example: PBC Mayo Clinic,1,o$survival      --->   inbag survival estimator for each case
Part II,10,OOB survival example: PBC Mayo Clinic,2,## load the PBC data
Part II,11,Key quantities,1,o$time.interest --->   event times (everything keys off this)
Part II,11,Key quantities,2,o$time.interest[1:5]
Part II,11,Key quantities,3,o$predicted     --->   inbag estimated mortality
Part II,11,Key quantities,4,o$predicted[1:5]
Part II,11,Key quantities,5,o$survival      --->   inbag survival estimator for each case
Part II,11,Key quantities,6,dim(o$yvar) ## sample size (complete cases) n = 276
Part II,12,Key quantities,1,o$chf          --->    inbag CHF estimator for each case
Part II,12,Key quantities,2,dim(o$chf)
Part II,12,Key quantities,3,## plot survival curves for first 10 individuals
Part II,13,Key quantities,1,"plot(o$predicted.oob, rowSums(o$chf.oob), xlab=""OOB Mortality"", ylab=""Sum of OOB CHF"")"
Part II,16,Classification example: Glioma,1,(OOB) Brier score: 0.02333115
Part II,16,Classification example: Glioma,2,"tail(o$err.rate, 1)"
Part II,17,Classification example: Glioma,1,"o <- rfsrc(y~., data = glioma,"
Part II,17,Classification example: Glioma,2,"o <- rfsrc(y~., data = glioma,"
Part II,18,Classification example: Glioma,1,"err <- data.frame(brier=get.brier.error(o$yvar,o$predicted.oob,FALSE),"
Part II,18,Classification example: Glioma,2,print(t(err))
Part II,23,Prediction: canonical example,1,"data(veteran, package = ""randomForestSRC"")"
Part II,24,Prediction: canonical example,1,## veteran data (with factors)
Part II,24,Prediction: canonical example,2,"summary(veteran2[train,])"
Part II,24,Prediction: canonical example,3,"summary(veteran2[-train,])"
Part II,25,Prediction: canonical example,1,## train the forest and use this to predict on test data
Part II,25,Prediction: canonical example,2,print(o)
Part II,25,Prediction: canonical example,3,print(pred)
Part II,26,Prediction: canonical example,1,## even harder ... factor level not previously encountered in training
Part II,27,Restore,1,"predict(object, ...)"
Part II,28,Restore,1,"o <- rfsrc(y~., data = glioma)"
Part II,28,Restore,2,"p <- predict(o, perf.type = ""brier"")"
Part II,29,Restore,1,## create your own estimator for regression
Part II,33,Survival example: peakVO2,1,"data(peakVO2, package = ""randomForestSRC"")"
Part II,34,Survival example: peakVO2,1,"o <- rfsrc(Surv(ttodead,died)~., peakVO2)"
Part II,35,Survival example: peakVO2,1,## partial effect for age
Part II,36,Survival example: peakVO2,1,## partial effect for age
Part II,37,Survival example: peakVO2,1,## partial effect of peak V02 on mortality
Part II,37,Survival example: peakVO2,2,## partial effect of peak V02 on survival
Part II,37,Survival example: peakVO2,3,## compare the two plots
Part III,5,Different VIMP in the package,1,"importance = c(""anti"", ""permute"", ""random"")"
Part III,6,Obtaining VIMP using the package,1,"rfsrc(mpg~., importance=""permute"")$importance"
Part III,6,Obtaining VIMP using the package,2,"predict(obj, importance=""permute"")$importance"
Part III,6,Obtaining VIMP using the package,3,"vimp(obj, importance=""permute"")"
Part III,6,Obtaining VIMP using the package,4,## paired permutation vimp
Part III,7,General call to vimp,1,## VIMP for all variables
Part III,7,General call to vimp,2,## joint VIMP
Part III,10,Confidence intervals for VIMP,1,## example using peakVO2
Part III,17,Minimal depth illustration using peakVO2,1,"md <- max.subtree(o)$order[, 1]"
Part III,18,Minimal depth illustration using peakVO2,1,"md <- max.subtree(o)$order[, 1]"
Part III,18,Minimal depth illustration using peakVO2,2,## guide random feature selection with number of times variable splits
Part III,20,VarPro,1,"summary(peakVO2[,c(""bun"",""interval"", ""peak.vo2"")])"
Part III,24,VarPro canonical illustration,1,## varpro canonical call
Part III,24,VarPro canonical illustration,2,importance(o)
Part III,25,VarPro canonical illustration,1,## cv.varpro canonical call
Part III,25,VarPro canonical illustration,2,o.cv
Part III,26,VarPro canonical illustration,1,"o <- rfsrc(Surv(ttodead, died)~., peakVO2, importance=""permute"")"
Part III,26,VarPro canonical illustration,2,"o.cv <- cv.varpro(Surv(ttodead, died)~., peakVO2)"
Part III,27,VarPro canonical illustration,1,"o <- rfsrc(Surv(ttodead, died)~., peakVO2, importance=""permute"")"
Part III,27,VarPro canonical illustration,2,"o.cv <- cv.varpro(Surv(ttodead, died)~., peakVO2)"
Part III,28,VarPro high-dimensional example,1,"data(vdv, package = ""randomForestSRC"")"
Part III,29,VarPro high-dimensional example,1,## van de Vijver Microarray Breast Cancer
Part III,30,VarPro high-dimensional example,1,"data(vdv, package = ""randomForestSRC"")"
Part III,30,VarPro high-dimensional example,2,$lasso
Part III,32,UVarPro illustration with Iowa housing,1,## load the data
Part III,33,UVarPro \(s\)-dependence table,1,## lasso beta values
Part III,34,UVarPro \(s\)-dependence graph,1,##  beta <- get.beta.entropy(o)
Part IV,10,Classification example: Glioma,1,"data(glioma, package = ""varPro"")"
Part IV,11,Imbalanced classification: Glioma,1,## standard RF classifier
Part IV,12,Imbalanced classification: Glioma,1,## RFQ classifier
Part IV,14,Imbalanced classification: Glioma,1,## BRF classifier
Part IV,15,Imbalanced classification: Glioma,1,## BRF - brute force
Part IV,16,Imbalanced classification: Glioma,1,## gmean variable importance with ci
Part IV,20,Competing risk example: PBC Mayo Clinic,1,"data(pbc, package = ""survival"")"
Part IV,21,Competing risk example: PBC Mayo Clinic,1,## canonical example: default Gray's splitting-rule
Part IV,22,event specific and non-event specific variable selection,1,## canonical example: default Gray's splitting-rule
Part IV,23,event specific and non-event specific variable selection,1,## canonical example: default Gray's splitting-rule
Part IV,23,event specific and non-event specific variable selection,2,md  vimp1   vimp2
Part IV,24,CIF stratified by edema,1,## cumulative incidence function (CIF) for transplant and dead stratified by edema
Part IV,25,The run.rfsrc function for an overview,1,## tip!!! perform the same analysis as above with one line
Part IV,27,Partial plot,1,pbc.cr$time <- pbc.cr$time/365
Part IV,28,Partial plot,1,## target = an integer value between 1 and J indicating the event of interest
Part IV,28,Partial plot,2,## target = an integer value between 1 and J indicating the event of interest
Part IV,30,Multivariate example: Nutrigenomic Study,1,"data(nutrigenomic, package = ""randomForestSRC"")"
Part IV,30,Multivariate example: Nutrigenomic Study,2,## diet and genotype are factors
Part IV,31,Multivariate example: Nutrigenomic Study,1,## parse into y and x data
Part IV,31,Multivariate example: Nutrigenomic Study,2,print(o)
Part IV,32,Multivariate example: Nutrigenomic Study,1,## acquire the error rate for each of the 21-coordinates
Part IV,32,Multivariate example: Nutrigenomic Study,2,serr
Part IV,32,Multivariate example: Nutrigenomic Study,3,## acquire standardized VIMP
Part IV,32,Multivariate example: Nutrigenomic Study,4,head(svimp)
Part IV,34,Split rules,1,"o <- rfsrc(get.mv.formula(colnames(ydta)),"
Part IV,35,Split rules,1,"o2 <- rfsrc(get.mv.formula(colnames(ydta)),"
Part IV,36,Split rules,1,## compare standardized VIMP for top 25 variables
Part IV,36,Split rules,2,"print(100 * imp[order(imp[,""mahalanobis""], decreasing = TRUE)[1:25], ])"
Part IV,37,The run.rfsrc function for an overview,1,library(randomForestSRC.run)
Part IV,42,OTFI,1,"data(pbc, package = ""randomForestSRC"")"
Part IV,42,OTFI,2,"data(pbc, package = ""randomForestSRC"")"
Part IV,43,missForest and mForest,1,"data(pbc, package = ""randomForestSRC"")"
Part IV,43,missForest and mForest,2,"data(housing, package = ""randomForestSRC"")"
